x-position,y-position,z-position,wrench
0.04936744254827657,0.12262456042988853,-0.18063452108267722,0.73226363231957625
0.049367015319771314,0.12262730797055836,-0.18064883502767587,1.1332675365313596
0.049369769630304074,0.1226343062469097,-0.18066903113539398,1.5212636236841859
0.04936917256582008,0.12263761670365514,-0.18069907022802914,1.799824717592273
0.04937256556857883,0.12263581501233352,-0.18073825515202255,2.1054455185766354
0.049370242411423626,0.12263252620254313,-0.1807828743816232,2.3673522533891522
0.04936853263608418,0.12262916105811841,-0.18083310722749826,2.6057499659624468
