arm_position_x,arm_position_y,arm_position_z,wrench
0.049240959349702025,0.12104814001968345,-0.16350052099573203,6.3136395812476289
