x-position,y-position,z-position,wrench
0.049240959349702025,0.12104814001968345,-0.16350052099573203,6.3136395812476289
