x-position,y-position,z-position,wrench
0.04937567761114852,0.1226741511995918,-0.18063267611229633,0.74154275090456634
0.04937694381661172,0.12267760951972782,-0.18064765231977448,1.1407844822715945
0.049378645106522207,0.12268676091031933,-0.18066759303911295,1.4884293988863992
0.049374940809628697,0.12268644416385359,-0.18070255376828187,1.7840485679848064
0.04937742756429502,0.12268750760485404,-0.18074291450575955,2.0955703010467412
0.04937841804779906,0.12268132869318474,-0.18078859596643407,2.3773435626225909
0.04938059451548123,0.12267760567699607,-0.1808387054509876,2.622322863224956
