x-position,y-position,z-position,wrench
0.049354886130197735,0.12261047171517789,-0.18060540986658086,0.75937592878838278
0.049353344038645164,0.12261469483475594,-0.18061581431590237,1.1874241354640982
0.04935665594769629,0.12262095713451235,-0.18063796406814875,1.533116836683647
0.049356876854270336,0.12262208558320144,-0.18067086708540017,1.8487888069224359
0.049353894290792996,0.12262098988953356,-0.18071223171991285,2.1406232847798785
0.049357712063316544,0.12261696632004607,-0.1807572781624829,2.4036052645422479
0.049359588555095646,0.12261290257714584,-0.18080608854420802,2.6355660249663511
0.049358177655064964,0.12260981281440712,-0.18086476323327583,2.8322891026069508
0.04935423236615723,0.12260454638176858,-0.18092330183777242,3.0496326086761432
