x-position,y-position,z-position,wrench
0.049369107451352846,0.12257549990331923,-0.18061700035350978,0.77061174643456443
0.04936955624469667,0.12258113838233882,-0.1806291122364574,1.160985319579984
0.049369246877896726,0.12258594598612697,-0.18065254965296965,1.539726839686403
0.04936982408276711,0.12259359041177931,-0.18068093119440687,1.8543240433898449
0.0493680474462884,0.12259033769340105,-0.18072216526958707,2.1284471379150682
0.049371416299142774,0.12258486821231468,-0.1807670485860338,2.3997961418231717
0.04936966962986632,0.1225793449815025,-0.18081714474829644,2.6555881039305778
