x-position,y-position,z-position,wrench
0.04936695709229524,0.1226204523601045,-0.1806117422672147,0.83649025944945743
0.049365027454458546,0.12262464423903185,-0.1806251421872537,1.2143868028041906
0.04936860065569065,0.12262872482705181,-0.1806487017447667,1.562037746219348
0.04936720496077572,0.12263418902324137,-0.18068071016887743,1.9023800973707243
0.04936851791396291,0.1226316488379423,-0.1807222272297975,2.1754101888311541
0.049372597563741065,0.12262617676111628,-0.18076818552306675,2.4412309594236024
0.049370584944068395,0.12262245146391024,-0.18081943466224976,2.6741800785654473
